ra,dec,vfid_01,band,radius_01,name,fwhmxfit,fwhmyfit,legacyflag
177.312795,56.08487,VFID0956,green,104.0210571,HPESL100A_J114915.0+560506,16.109,7.8,TRUE
178.937933,55.32026,VFID1018,blue,107.6765823,HPESL070A_J115545.1+551913,13.707,7.069,TRUE
178.938313,55.320272,,red,107.6765823,HPESL160A_J115545.2+551913,43.239,19.271,
178.927995,55.322365,,blue,107.6765823,HPESL070A_J115542.7+551921,23.794,null,
179.115127,55.122662,VFID1035,red,56.50947189,HPESL160A_J115627.6+550722,43.147,null,TRUE
178.465573,52.323174,VFID1212,green,183.7051239,HPESL100A_J115351.7+521923,28.596,null,TRUE
178.441919,52.322212,,,183.7051239,HPESL100A_J115346.0+521920,19.455,null,
178.459333,52.317085,,,183.7051239,HPESL100A_J115350.2+521902,17.712,null,
181.529109,49.590147,VFID1374,green,136.8110809,HPESL100A_J120606.9+493525,15.426,10.402,TRUE
202.465833,47.199273,VFID1550,green,411.2646179,HPESL100A_J132951.8+471157,21.449,null,TRUE
202.463295,47.198578,,blue,411.2646179,HPESL070A_J132951.1+471155,12.69,null,
202.459698,47.192421,,red,411.2646179,HPESL160A_J132950.3+471133,63.395,null,
202.459104,47.192009,,green,411.2646179,HPESL100A_J132950.1+471131,19.648,null,
202.459093,47.191715,,green,411.2646179,HPESL100A_J132950.1+471130,18.878,null,
202.458833,47.191256,,blue,411.2646179,HPESL070A_J132950.1+471129,18.638,null,
202.458725,47.19139,,blue,411.2646179,HPESL070A_J132950.0+471129,16.68,null,
202.458786,47.191304,,blue,411.2646179,HPESL070A_J132950.1+471129,16.69,null,
202.481693,47.19596,,blue,411.2646179,HPESL070A_J132955.6+471145,17.093,9.126,
202.45869,47.191321,,blue,411.2646179,HPESL070A_J132950.0+471129,18.867,null,
202.458067,47.192135,,blue,411.2646179,HPESL070A_J132949.9+471132,15.671,null,
202.48198,47.195485,,green,411.2646179,HPESL100A_J132955.6+471144,28.064,null,
202.481989,47.195285,,green,411.2646179,HPESL100A_J132955.6+471143,29.664,null,
202.482249,47.195193,,blue,411.2646179,HPESL070A_J132955.7+471143,15.402,8.677,
202.482365,47.195105,,blue,411.2646179,HPESL070A_J132955.7+471142,15.215,8.85,
202.482374,47.195279,,blue,411.2646179,HPESL070A_J132955.7+471143,16.431,9.132,
202.48241,47.195159,,blue,411.2646179,HPESL070A_J132955.7+471143,17.424,8.922,
202.145698,46.777272,VFID1578,red,12.62179852,HPESL160A_J132834.9+464638,25.985,null,Maybe not
180.785189,44.523322,VFID1754,red,177.060318,HPESL160A_J120308.4+443124,38.619,14.276,TRUE
180.784938,44.523331,,blue,177.060318,HPESL070A_J120308.3+443124,12.563,7.926,
180.791874,44.520831,,green,177.060318,HPESL100A_J120310.0+443115,19.04,7.876,
180.79186,44.520804,,blue,177.060318,HPESL070A_J120310.0+443115,14.287,6.068,
183.320274,43.698403,VFID1803,green,128.5645599,HPESL100A_J121316.8+434154,14.023,8.599,TRUE
183.320136,43.698671,,red,128.5645599,HPESL160A_J121316.8+434155,29.138,13.576,
183.321529,43.69285,,green,128.5645599,HPESL100A_J121317.1+434134,14.594,null,
183.318022,43.705533,,green,128.5645599,HPESL100A_J121316.3+434220,20.854,null,
182.378668,43.682493,VFID1804,red,85.5305481,HPESL160A_J120930.8+434057,46.136,null,TRUE
182.378971,43.681614,,blue,85.5305481,HPESL070A_J120930.9+434054,19.017,null,
182.377278,43.680116,,blue,85.5305481,HPESL070A_J120930.5+434048,18.551,null,
139.380644,41.993936,VFID1934,red,52.85927963,HPESL160A_J091731.3+415938,25.424,11.366,TRUE
139.387041,41.989872,,blue,52.85927963,HPESL070A_J091732.8+415924,11.781,6.961,
139.387417,41.98965,,green,52.85927963,HPESL100A_J091732.9+415923,15.27,6.918,
139.340484,41.912008,VFID1939,red,27.10948372,HPESL160A_J091721.7+415443,27.391,14.624,TRUE
206.343055,41.710222,VFID1953,blue,97.07809448,HPESL070A_J134522.3+414237,18.386,null,TRUE
208.334691,40.355669,VFID2066,red,80.56033325,HPESL160A_J135320.3+402120,57.087,null,TRUE
208.332889,40.354719,,blue,80.56033325,HPESL070A_J135319.8+402117,12.875,null,
159.06736,37.32505,VFID2313,red,92.28290558,HPESL160A_J103616.1+371930,35.334,20.247,TRUE
159.060245,37.328417,,green,92.28290558,HPESL100A_J103614.4+371942,14.866,5.816,
159.07807,37.320661,,green,92.28290558,HPESL100A_J103618.7+371914,20.628,null,
203.984252,35.589746,VFID2463,green,54.96943283,HPESL100A_J133556.2+353523,19.212,6.397,TRUE
162.10409,34.711841,VFID2544,red,60.55099106,HPESL160A_J104824.9+344243,29.441,12.246,TRUE
208.331504,33.489272,VFID2620,red,48.6543045,HPESL160A_J135319.5+332921,47.471,null,TRUE
162.471204,32.986211,VFID2665,blue,92.9225769,HPESL070A_J104953.0+325910,15.961,8.467,Maybe
162.457985,32.983483,VFID2667,red,47.98674011,HPESL160A_J104949.9+325901,30.425,19.253,TRUE
162.457996,32.983587,,green,47.98674011,HPESL100A_J104949.9+325901,17.242,null,
162.457352,32.983737,,blue,47.98674011,HPESL070A_J104949.7+325901,16.787,null,
162.46215,32.986386,,blue,47.98674011,HPESL070A_J104950.9+325911,17.342,null,
162.471204,32.986211,,blue,47.98674011,HPESL070A_J104953.0+325910,15.961,8.467,
163.047525,32.950314,VFID2670,red,119.7074738,HPESL160A_J105211.4+325701,25.04,19.866,TRUE
162.934059,32.90422,VFID2677,green,74.66571808,HPESL100A_J105144.1+325415,14.231,8.078,TRUE
174.933796,31.932087,VFID2760,blue,59.8578682,HPESL070A_J113944.1+315556,15.561,null,TRUE
174.936596,31.9289,,red,59.8578682,HPESL160A_J113944.7+315544,36.638,null,
174.93779,31.927702,,blue,59.8578682,HPESL070A_J113945.0+315540,15.19,6.709,
174.934813,31.93627,,blue,59.8578682,HPESL070A_J113944.3+315611,13.502,7.438,
174.932931,31.910323,VFID2764,blue,58.7653389,HPESL070A_J113943.9+315437,15.382,8.807,TRUE
186.044387,31.52231,VFID2795,green,41.41152954,HPESL100A_J122410.6+313120,14.474,null,TRUE
186.043567,31.522555,,red,41.41152954,HPESL160A_J122410.4+313121,36.84,13.941,
186.053864,31.51923,,red,41.41152954,HPESL160A_J122412.9+313109,27.6,null,
186.055335,31.518739,,green,41.41152954,HPESL100A_J122413.2+313107,20.136,null,
188.467567,30.27728,VFID2881,green,59.99585724,HPESL100A_J123352.2+301638,15.606,null,TRUE
188.45709,30.277171,,green,59.99585724,HPESL100A_J123349.7+301638,18.423,null,
156.755778,28.638052,VFID3019,red,69.68210602,HPESL160A_J102701.3+283817,41.078,13.433,TRUE
166.010669,28.037436,VFID3084,red,47.65640259,HPESL160A_J110402.5+280215,35.226,null,TRUE
188.992313,27.959233,VFID3095,red,317.0452576,HPESL160A_J123558.1+275733,28.608,26.246,TRUE
188.993106,27.958507,,green,317.0452576,HPESL100A_J123558.3+275731,14.679,11.101,
188.993428,27.958273,,blue,317.0452576,HPESL070A_J123558.4+275730,11.549,8.408,
188.986433,27.957221,,blue,317.0452576,HPESL070A_J123556.7+275726,12.861,6.714,
170.130926,26.960943,VFID3174,red,52.98113632,HPESL160A_J112031.4+265739,32.442,null,TRUE
170.131317,26.952653,,green,52.98113632,HPESL100A_J112031.5+265710,19.846,null,
158.925755,26.12659,VFID3221,green,17.42293167,HPESL100A_J103542.1+260736,14.873,9.258,TRUE
189.087005,25.987163,VFID3234,red,502.4828491,HPESL160A_J123620.8+255914,29.682,null,TRUE
189.087197,25.986918,,red,502.4828491,HPESL160A_J123620.9+255913,25.574,null,
189.089992,25.98273,,green,502.4828491,HPESL100A_J123621.6+255858,29.584,6.567,
155.237571,25.364762,VFID3300,green,16.63877106,HPESL100A_J102057.0+252153,16.535,13.64,TRUE
154.448759,21.873178,VFID3546,green,67.31645966,HPESL100A_J101747.7+215223,21.746,null,TRUE
154.451827,21.871613,,red,67.31645966,HPESL160A_J101748.4+215218,36.088,null,
154.451426,21.871198,,blue,67.31645966,HPESL070A_J101748.3+215216,26.052,7.267,
154.444102,21.876667,,red,67.31645966,HPESL160A_J101746.5+215236,26.611,null,
154.455771,21.86988,,blue,67.31645966,HPESL070A_J101749.3+215212,12.64,null,
154.443158,21.877598,,blue,67.31645966,HPESL070A_J101746.3+215239,16.067,null,
154.523252,21.83247,VFID3551,red,109.1745071,HPESL160A_J101805.5+214957,24.466,11.378,TRUE
154.530426,21.82915,,green,109.1745071,HPESL100A_J101807.3+214945,14.142,null,
154.530541,21.829076,,blue,109.1745071,HPESL070A_J101807.3+214945,15.998,7.998,
154.515781,21.835642,,green,109.1745071,HPESL100A_J101803.7+215008,21.704,8.909,
182.73347,15.946851,VFID4104,green,13.49339581,HPESL100A_J121056.0+155649,47.363,null,Maybe
233.634619,15.193608,VFID4179,green,44.16937637,HPESL100A_J153432.3+151137,13.875,11.963,TRUE
233.634579,15.193563,,blue,44.16937637,HPESL070A_J153432.3+151137,13.212,11.2,
204.383409,8.885444,VFID5292,green,122.2140808,HPESL100A_J133732.0+085308,19.423,14.135,TRUE
208.742892,5.333916,VFID5842,green,84.9417572,HPESL100A_J135458.2+052002,21.418,9.022,TRUE
208.742839,5.333832,,red,84.9417572,HPESL160A_J135458.2+052002,54.468,15.528,
208.7419,5.330285,,green,84.9417572,HPESL100A_J135458.0+051949,20.749,null,
208.740285,5.324467,,green,84.9417572,HPESL100A_J135457.6+051928,21.17,12.083,
209.09281,5.326705,VFID5844,red,14.96653462,HPESL160A_J135622.2+051936,25.063,null,Maybe
208.546925,5.226481,VFID5855,red,116.4451065,HPESL160A_J135411.2+051335,26.231,12.398,TRUE
208.546914,5.226442,,green,116.4451065,HPESL100A_J135411.2+051335,14.064,null,
209.054493,5.022493,VFID5889,red,114.0568161,HPESL160A_J135613.0+050121,29.565,14.685,TRUE
220.740844,4.890351,VFID5905,red,62.53472519,HPESL160A_J144257.8+045325,27.083,12.033,TRUE
185.613534,4.565767,VFID5949,blue,34.05032349,HPESL070A_J122227.2+043357,13.924,9.195,TRUE
185.618413,4.566611,,red,34.05032349,HPESL160A_J122228.4+043400,32.427,null,
185.618769,4.566534,,green,34.05032349,HPESL100A_J122228.5+043400,24.737,12.892,
185.61905,4.565944,,red,34.05032349,HPESL160A_J122228.5+043357,30.155,20.562,
185.608454,4.562858,,blue,34.05032349,HPESL070A_J122226.0+043346,25.599,null,
185.479441,4.484316,VFID5960,green,206.5956879,HPESL100A_J122155.0+042904,45.307,29.704,TRUE
218.354015,4.449876,VFID5964,red,57.16382217,HPESL160A_J143324.9+042700,44.25,null,TRUE
218.349605,4.455215,,green,57.16382217,HPESL100A_J143323.9+042719,16.424,6.746,
218.357114,4.449206,,green,57.16382217,HPESL100A_J143325.7+042657,16.975,null,
218.352687,4.442964,,green,57.16382217,HPESL100A_J143324.6+042635,14.589,null,
218.358432,4.455395,,green,57.16382217,HPESL100A_J143326.0+042719,18.623,null,
218.342085,4.44835,,green,57.16382217,HPESL100A_J143322.1+042654,28.52,null,
215.018896,3.992657,VFID6018,red,103.5431213,HPESL160A_J142004.5+035934,49.096,12.168,TRUE
215.019429,3.992533,,green,103.5431213,HPESL100A_J142004.6+035933,15.893,7.44,
215.0145,3.994463,,green,103.5431213,HPESL100A_J142003.4+035940,18.287,null,
207.076292,3.949883,VFID6028,red,84.9417572,HPESL160A_J134818.3+035700,36.496,null,TRUE
207.0567,3.948452,,green,84.9417572,HPESL100A_J134813.6+035654,16.015,11.537,
217.507343,3.774299,VFID6048,green,28.98152542,HPESL100A_J143001.7+034627,23.765,null,TRUE
215.304294,3.436153,VFID6091,red,85.92533875,HPESL160A_J142113.0+032610,45.033,19.237,TRUE
215.29715,3.431966,,red,85.92533875,HPESL160A_J142111.3+032555,30.527,null,
219.575871,3.411103,VFID6098,green,28.64977837,HPESL100A_J143818.2+032440,14.89,null,TRUE
222.596661,2.951678,VFID6169,green,10.94261837,HPESL100A_J145023.2+025706,30.763,null,Maybe
221.2329,1.955092,VFID6340,green,217.3307953,HPESL100A_J144455.9+015718,32.41,15.591,TRUE
221.232877,1.955148,,red,217.3307953,HPESL160A_J144455.8+015719,39.647,19.138,
215.86385,1.726125,VFID6380,green,62.96819687,HPESL100A_J142327.3+014334,14.041,7.982,TRUE
218.11922,0.293886,VFID6603,red,53.22568512,HPESL160A_J143228.6+001738,35.037,10.88,TRUE